,action,boro,building,camis,critical_flag,cuisine_description,dba,grade,grade_date,inspection_date,inspection_type,phone,record_date,score,street,violation_code,violation_description,zipcode,address
0,Violations were cited in the following area(s).,BRONX,1007,30075445,Critical,Bakery,MORRIS PARK BAKE SHOP,A,2017-05-18T00:00:00,2017-05-18T00:00:00,Cycle Inspection / Initial Inspection,7188924968,2018-01-31T06:00:53,7.0,MORRIS PARK AVE,06D,"Food contact surface not properly washed, rinsed and sanitized after each use and following any activity when contamination may have occurred.",10462,"1007 MORRIS PARK AVE BRONX, NY 10462"
1,Violations were cited in the following area(s).,BRONX,1007,30075445,Not Critical,Bakery,MORRIS PARK BAKE SHOP,A,2017-05-18T00:00:00,2017-05-18T00:00:00,Cycle Inspection / Initial Inspection,7188924968,2018-01-31T06:00:53,7.0,MORRIS PARK AVE,10F,"Non-food contact surface improperly constructed. Unacceptable material used. Non-food contact surface or equipment improperly maintained and/or not properly sealed, raised, spaced or movable to allow accessibility for cleaning on all sides, above and underneath the unit.",10462,"1007 MORRIS PARK AVE BRONX, NY 10462"
5,Violations were cited in the following area(s).,BROOKLYN,469,30112340,Critical,Hamburgers,WENDY'S,A,2017-10-06T00:00:00,2017-10-06T00:00:00,Cycle Inspection / Re-inspection,7182875005,2018-01-31T06:00:53,10.0,FLATBUSH AVENUE,04H,"Raw, cooked or prepared food is adulterated, contaminated, cross-contaminated, or not discarded in accordance with HACCP plan.",11225,"469 FLATBUSH AVENUE BROOKLYN, NY 11225"
6,Violations were cited in the following area(s).,BROOKLYN,469,30112340,Not Critical,Hamburgers,WENDY'S,A,2017-10-06T00:00:00,2017-10-06T00:00:00,Cycle Inspection / Re-inspection,7182875005,2018-01-31T06:00:53,10.0,FLATBUSH AVENUE,10F,"Non-food contact surface improperly constructed. Unacceptable material used. Non-food contact surface or equipment improperly maintained and/or not properly sealed, raised, spaced or movable to allow accessibility for cleaning on all sides, above and underneath the unit.",11225,"469 FLATBUSH AVENUE BROOKLYN, NY 11225"
29,Violations were cited in the following area(s).,MANHATTAN,351,30191841,Critical,Irish,DJ REYNOLDS PUB AND RESTAURANT,A,2017-12-14T00:00:00,2017-12-14T00:00:00,Cycle Inspection / Re-inspection,2122452912,2018-01-31T06:00:53,10.0,WEST   57 STREET,04H,"Raw, cooked or prepared food is adulterated, contaminated, cross-contaminated, or not discarded in accordance with HACCP plan.",10019,"351 WEST   57 STREET MANHATTAN, NY 10019"
30,Violations were cited in the following area(s).,MANHATTAN,351,30191841,Not Critical,Irish,DJ REYNOLDS PUB AND RESTAURANT,A,2017-12-14T00:00:00,2017-12-14T00:00:00,Cycle Inspection / Re-inspection,2122452912,2018-01-31T06:00:53,10.0,WEST   57 STREET,10F,"Non-food contact surface improperly constructed. Unacceptable material used. Non-food contact surface or equipment improperly maintained and/or not properly sealed, raised, spaced or movable to allow accessibility for cleaning on all sides, above and underneath the unit.",10019,"351 WEST   57 STREET MANHATTAN, NY 10019"
40,Violations were cited in the following area(s).,BROOKLYN,2780,40356018,Critical,American,RIVIERA CATERERS,A,2017-07-20T00:00:00,2017-07-20T00:00:00,Cycle Inspection / Initial Inspection,7183723031,2018-01-31T06:00:53,13.0,STILLWELL AVENUE,06C,"Food not protected from potential source of contamination during storage, preparation, transportation, display or service.",11224,"2780 STILLWELL AVENUE BROOKLYN, NY 11224"
41,Violations were cited in the following area(s).,BROOKLYN,2780,40356018,Not Critical,American,RIVIERA CATERERS,A,2017-07-20T00:00:00,2017-07-20T00:00:00,Cycle Inspection / Initial Inspection,7183723031,2018-01-31T06:00:53,13.0,STILLWELL AVENUE,10B,Plumbing not properly installed or maintained; anti-siphonage or backflow prevention device not provided where required; equipment or floor not properly drained; sewage disposal system in disrepair or not functioning properly.,11224,"2780 STILLWELL AVENUE BROOKLYN, NY 11224"
42,Violations were cited in the following area(s).,BROOKLYN,2780,40356018,Not Critical,American,RIVIERA CATERERS,A,2017-07-20T00:00:00,2017-07-20T00:00:00,Cycle Inspection / Initial Inspection,7183723031,2018-01-31T06:00:53,13.0,STILLWELL AVENUE,10F,"Non-food contact surface improperly constructed. Unacceptable material used. Non-food contact surface or equipment improperly maintained and/or not properly sealed, raised, spaced or movable to allow accessibility for cleaning on all sides, above and underneath the unit.",11224,"2780 STILLWELL AVENUE BROOKLYN, NY 11224"
48,Violations were cited in the following area(s).,QUEENS,8825,40356151,Critical,American,BRUNOS ON THE BOULEVARD,A,2017-08-19T00:00:00,2017-08-19T00:00:00,Cycle Inspection / Initial Inspection,7183350505,2018-01-31T06:00:53,10.0,ASTORIA BOULEVARD,06C,"Food not protected from potential source of contamination during storage, preparation, transportation, display or service.",11369,"8825 ASTORIA BOULEVARD QUEENS, NY 11369"
49,Violations were cited in the following area(s).,QUEENS,8825,40356151,Not Critical,American,BRUNOS ON THE BOULEVARD,A,2017-08-19T00:00:00,2017-08-19T00:00:00,Cycle Inspection / Initial Inspection,7183350505,2018-01-31T06:00:53,10.0,ASTORIA BOULEVARD,10F,"Non-food contact surface improperly constructed. Unacceptable material used. Non-food contact surface or equipment improperly maintained and/or not properly sealed, raised, spaced or movable to allow accessibility for cleaning on all sides, above and underneath the unit.",11369,"8825 ASTORIA BOULEVARD QUEENS, NY 11369"
67,Violations were cited in the following area(s).,BROOKLYN,7114,40356483,Critical,Delicatessen,WILKEN'S FINE FOOD,A,2017-06-03T00:00:00,2017-06-03T00:00:00,Cycle Inspection / Initial Inspection,7184443838,2018-01-31T06:00:53,13.0,AVENUE U,04L,Evidence of mice or live mice present in facility's food and/or non-food areas.,11234,"7114 AVENUE U BROOKLYN, NY 11234"
68,Violations were cited in the following area(s).,BROOKLYN,7114,40356483,Not Critical,Delicatessen,WILKEN'S FINE FOOD,A,2017-06-03T00:00:00,2017-06-03T00:00:00,Cycle Inspection / Initial Inspection,7184443838,2018-01-31T06:00:53,13.0,AVENUE U,08A,Facility not vermin proof. Harborage or conditions conducive to attracting vermin to the premises and/or allowing vermin to exist.,11234,"7114 AVENUE U BROOKLYN, NY 11234"
69,Violations were cited in the following area(s).,BROOKLYN,7114,40356483,Not Critical,Delicatessen,WILKEN'S FINE FOOD,A,2017-06-03T00:00:00,2017-06-03T00:00:00,Cycle Inspection / Initial Inspection,7184443838,2018-01-31T06:00:53,13.0,AVENUE U,09A,Canned food product observed dented and not segregated from other consumable food items.,11234,"7114 AVENUE U BROOKLYN, NY 11234"
76,Violations were cited in the following area(s).,BROOKLYN,1839,40356731,Critical,"Ice Cream, Gelato, Yogurt, Ices",TASTE THE TROPICS ICE CREAM,A,2017-06-22T00:00:00,2017-06-22T00:00:00,Cycle Inspection / Initial Inspection,7188560821,2018-01-31T06:00:53,10.0,NOSTRAND AVENUE,04L,Evidence of mice or live mice present in facility's food and/or non-food areas.,11226,"1839 NOSTRAND AVENUE BROOKLYN, NY 11226"
77,Violations were cited in the following area(s).,BROOKLYN,1839,40356731,Not Critical,"Ice Cream, Gelato, Yogurt, Ices",TASTE THE TROPICS ICE CREAM,A,2017-06-22T00:00:00,2017-06-22T00:00:00,Cycle Inspection / Initial Inspection,7188560821,2018-01-31T06:00:53,10.0,NOSTRAND AVENUE,08A,Facility not vermin proof. Harborage or conditions conducive to attracting vermin to the premises and/or allowing vermin to exist.,11226,"1839 NOSTRAND AVENUE BROOKLYN, NY 11226"
85,Violations were cited in the following area(s).,BRONX,2300,40357217,Not Critical,American,WILD ASIA,A,2017-06-14T00:00:00,2017-06-14T00:00:00,Cycle Inspection / Initial Inspection,7182207846,2018-01-31T06:00:53,2.0,SOUTHERN BOULEVARD,10F,"Non-food contact surface improperly constructed. Unacceptable material used. Non-food contact surface or equipment improperly maintained and/or not properly sealed, raised, spaced or movable to allow accessibility for cleaning on all sides, above and underneath the unit.",10460,"2300 SOUTHERN BOULEVARD BRONX, NY 10460"
89,Violations were cited in the following area(s).,MANHATTAN,1,40359480,Critical,American,1 EAST 66TH STREET KITCHEN,A,2017-09-20T00:00:00,2017-09-20T00:00:00,Cycle Inspection / Initial Inspection,2128793900,2018-01-31T06:00:53,11.0,EAST   66 STREET,02G,Cold food item held above 41Âº F (smoked fish and reduced oxygen packaged foods above 38 ÂºF) except during necessary preparation.,10065,"1 EAST   66 STREET MANHATTAN, NY 10065"
90,Violations were cited in the following area(s).,MANHATTAN,1,40359480,Not Critical,American,1 EAST 66TH STREET KITCHEN,A,2017-09-20T00:00:00,2017-09-20T00:00:00,Cycle Inspection / Initial Inspection,2128793900,2018-01-31T06:00:53,11.0,EAST   66 STREET,10B,Plumbing not properly installed or maintained; anti-siphonage or backflow prevention device not provided where required; equipment or floor not properly drained; sewage disposal system in disrepair or not functioning properly.,10065,"1 EAST   66 STREET MANHATTAN, NY 10065"
91,Violations were cited in the following area(s).,MANHATTAN,1,40359480,Not Critical,American,1 EAST 66TH STREET KITCHEN,A,2017-09-20T00:00:00,2017-09-20T00:00:00,Cycle Inspection / Initial Inspection,2128793900,2018-01-31T06:00:53,11.0,EAST   66 STREET,10F,"Non-food contact surface improperly constructed. Unacceptable material used. Non-food contact surface or equipment improperly maintained and/or not properly sealed, raised, spaced or movable to allow accessibility for cleaning on all sides, above and underneath the unit.",10065,"1 EAST   66 STREET MANHATTAN, NY 10065"
94,Violations were cited in the following area(s).,BROOKLYN,1310,40359705,Critical,Hotdogs,NATHAN'S FAMOUS,A,2017-01-23T00:00:00,2017-01-23T00:00:00,Cycle Inspection / Initial Inspection,7183332202,2018-01-31T06:00:53,13.0,SURF AVENUE,06A,Personal cleanliness inadequate. Outer garment soiled with possible contaminant.  Effective hair restraint not worn in an area where food is prepared.,11224,"1310 SURF AVENUE BROOKLYN, NY 11224"
95,Violations were cited in the following area(s).,BROOKLYN,1310,40359705,Critical,Hotdogs,NATHAN'S FAMOUS,A,2017-01-23T00:00:00,2017-01-23T00:00:00,Cycle Inspection / Initial Inspection,7183332202,2018-01-31T06:00:53,13.0,SURF AVENUE,06D,"Food contact surface not properly washed, rinsed and sanitized after each use and following any activity when contamination may have occurred.",11224,"1310 SURF AVENUE BROOKLYN, NY 11224"
96,Violations were cited in the following area(s).,BROOKLYN,1310,40359705,Not Critical,Hotdogs,NATHAN'S FAMOUS,A,2017-01-23T00:00:00,2017-01-23T00:00:00,Cycle Inspection / Initial Inspection,7183332202,2018-01-31T06:00:53,13.0,SURF AVENUE,10F,"Non-food contact surface improperly constructed. Unacceptable material used. Non-food contact surface or equipment improperly maintained and/or not properly sealed, raised, spaced or movable to allow accessibility for cleaning on all sides, above and underneath the unit.",11224,"1310 SURF AVENUE BROOKLYN, NY 11224"
119,Violations were cited in the following area(s).,BROOKLYN,705,40360045,Critical,Jewish/Kosher,SEUDA FOODS,A,2017-11-27T00:00:00,2017-11-27T00:00:00,Cycle Inspection / Initial Inspection,7183751500,2018-01-31T06:00:53,13.0,KINGS HIGHWAY,04N,"Filth flies or food/refuse/sewage-associated (FRSA) flies present in facilitys food and/or non-food areas. Filth flies include house flies, little house flies, blow flies, bottle flies and flesh flies. Food/refuse/sewage-associated flies include fruit flies, drain flies and Phorid flies.",11223,"705 KINGS HIGHWAY BROOKLYN, NY 11223"
120,Violations were cited in the following area(s).,BROOKLYN,705,40360045,Not Critical,Jewish/Kosher,SEUDA FOODS,A,2017-11-27T00:00:00,2017-11-27T00:00:00,Cycle Inspection / Initial Inspection,7183751500,2018-01-31T06:00:53,13.0,KINGS HIGHWAY,08A,Facility not vermin proof. Harborage or conditions conducive to attracting vermin to the premises and/or allowing vermin to exist.,11223,"705 KINGS HIGHWAY BROOKLYN, NY 11223"
121,Violations were cited in the following area(s).,BROOKLYN,705,40360045,Not Critical,Jewish/Kosher,SEUDA FOODS,A,2017-11-27T00:00:00,2017-11-27T00:00:00,Cycle Inspection / Initial Inspection,7183751500,2018-01-31T06:00:53,13.0,KINGS HIGHWAY,09C,Food contact surface not properly maintained.,11223,"705 KINGS HIGHWAY BROOKLYN, NY 11223"
122,Violations were cited in the following area(s).,BROOKLYN,705,40360045,Not Critical,Jewish/Kosher,SEUDA FOODS,A,2017-11-27T00:00:00,2017-11-27T00:00:00,Cycle Inspection / Initial Inspection,7183751500,2018-01-31T06:00:53,13.0,KINGS HIGHWAY,10F,"Non-food contact surface improperly constructed. Unacceptable material used. Non-food contact surface or equipment improperly maintained and/or not properly sealed, raised, spaced or movable to allow accessibility for cleaning on all sides, above and underneath the unit.",11223,"705 KINGS HIGHWAY BROOKLYN, NY 11223"
123,Violations were cited in the following area(s).,BROOKLYN,705,40360045,Critical,Jewish/Kosher,SEUDA FOODS,A,2017-04-20T00:00:00,2017-04-20T00:00:00,Cycle Inspection / Re-inspection,7183751500,2018-01-31T06:00:53,12.0,KINGS HIGHWAY,04L,Evidence of mice or live mice present in facility's food and/or non-food areas.,11223,"705 KINGS HIGHWAY BROOKLYN, NY 11223"
124,Violations were cited in the following area(s).,BROOKLYN,705,40360045,Not Critical,Jewish/Kosher,SEUDA FOODS,A,2017-04-20T00:00:00,2017-04-20T00:00:00,Cycle Inspection / Re-inspection,7183751500,2018-01-31T06:00:53,12.0,KINGS HIGHWAY,08A,Facility not vermin proof. Harborage or conditions conducive to attracting vermin to the premises and/or allowing vermin to exist.,11223,"705 KINGS HIGHWAY BROOKLYN, NY 11223"
125,Violations were cited in the following area(s).,BROOKLYN,705,40360045,Not Critical,Jewish/Kosher,SEUDA FOODS,A,2017-04-20T00:00:00,2017-04-20T00:00:00,Cycle Inspection / Re-inspection,7183751500,2018-01-31T06:00:53,12.0,KINGS HIGHWAY,08C,Pesticide use not in accordance with label or applicable laws. Prohibited chemical used/stored. Open bait station used.,11223,"705 KINGS HIGHWAY BROOKLYN, NY 11223"
146,Violations were cited in the following area(s).,BROOKLYN,203,40360076,Not Critical,"Ice Cream, Gelato, Yogurt, Ices",CARVEL ICE CREAM,A,2017-03-16T00:00:00,2017-03-16T00:00:00,Cycle Inspection / Initial Inspection,7184389501,2018-01-31T06:00:53,6.0,CHURCH AVENUE,10B,Plumbing not properly installed or maintained; anti-siphonage or backflow prevention device not provided where required; equipment or floor not properly drained; sewage disposal system in disrepair or not functioning properly.,11218,"203 CHURCH AVENUE BROOKLYN, NY 11218"
147,Violations were cited in the following area(s).,BROOKLYN,203,40360076,Not Critical,"Ice Cream, Gelato, Yogurt, Ices",CARVEL ICE CREAM,A,2017-03-16T00:00:00,2017-03-16T00:00:00,Cycle Inspection / Initial Inspection,7184389501,2018-01-31T06:00:53,6.0,CHURCH AVENUE,10F,"Non-food contact surface improperly constructed. Unacceptable material used. Non-food contact surface or equipment improperly maintained and/or not properly sealed, raised, spaced or movable to allow accessibility for cleaning on all sides, above and underneath the unit.",11218,"203 CHURCH AVENUE BROOKLYN, NY 11218"
148,Violations were cited in the following area(s).,BROOKLYN,203,40360076,Not Critical,"Ice Cream, Gelato, Yogurt, Ices",CARVEL ICE CREAM,A,2017-03-16T00:00:00,2017-03-16T00:00:00,Cycle Inspection / Initial Inspection,7184389501,2018-01-31T06:00:53,6.0,CHURCH AVENUE,10I,"Single service item reused, improperly stored, dispensed; not used when required.",11218,"203 CHURCH AVENUE BROOKLYN, NY 11218"
152,Violations were cited in the following area(s).,QUEENS,26515,40361322,Critical,"Ice Cream, Gelato, Yogurt, Ices",CARVEL ICE CREAM,A,2017-01-05T00:00:00,2017-01-05T00:00:00,Cycle Inspection / Initial Inspection,7183430392,2018-01-31T06:00:53,11.0,HILLSIDE AVENUE,06B,"Tobacco use, eating, or drinking from open container in food preparation, food storage or dishwashing area observed.",11004,"26515 HILLSIDE AVENUE QUEENS, NY 11004"
153,Violations were cited in the following area(s).,QUEENS,26515,40361322,Critical,"Ice Cream, Gelato, Yogurt, Ices",CARVEL ICE CREAM,A,2017-01-05T00:00:00,2017-01-05T00:00:00,Cycle Inspection / Initial Inspection,7183430392,2018-01-31T06:00:53,11.0,HILLSIDE AVENUE,06D,"Food contact surface not properly washed, rinsed and sanitized after each use and following any activity when contamination may have occurred.",11004,"26515 HILLSIDE AVENUE QUEENS, NY 11004"
187,Violations were cited in the following area(s).,QUEENS,3406,40361998,Critical,Delicatessen,STEVE CHU'S DELI & GROCERY,A,2017-07-10T00:00:00,2017-07-10T00:00:00,Cycle Inspection / Initial Inspection,7187268888,2018-01-31T06:00:53,8.0,10 STREET,06C,"Food not protected from potential source of contamination during storage, preparation, transportation, display or service.",11106,"3406 10 STREET QUEENS, NY 11106"
188,Violations were cited in the following area(s).,QUEENS,3406,40361998,Not Critical,Delicatessen,STEVE CHU'S DELI & GROCERY,A,2017-07-10T00:00:00,2017-07-10T00:00:00,Cycle Inspection / Initial Inspection,7187268888,2018-01-31T06:00:53,8.0,10 STREET,10F,"Non-food contact surface improperly constructed. Unacceptable material used. Non-food contact surface or equipment improperly maintained and/or not properly sealed, raised, spaced or movable to allow accessibility for cleaning on all sides, above and underneath the unit.",11106,"3406 10 STREET QUEENS, NY 11106"
191,Violations were cited in the following area(s).,MANHATTAN,502,40362098,Critical,American,HARRIET'S KITCHEN,A,2017-11-09T00:00:00,2017-11-09T00:00:00,Cycle Inspection / Re-inspection,2127210045,2018-01-31T06:00:53,13.0,AMSTERDAM AVENUE,04L,Evidence of mice or live mice present in facility's food and/or non-food areas.,10024,"502 AMSTERDAM AVENUE MANHATTAN, NY 10024"
192,Violations were cited in the following area(s).,MANHATTAN,502,40362098,Critical,American,HARRIET'S KITCHEN,A,2017-11-09T00:00:00,2017-11-09T00:00:00,Cycle Inspection / Re-inspection,2127210045,2018-01-31T06:00:53,13.0,AMSTERDAM AVENUE,04M,Live roaches present in facility's food and/or non-food areas.,10024,"502 AMSTERDAM AVENUE MANHATTAN, NY 10024"
193,Violations were cited in the following area(s).,MANHATTAN,502,40362098,Not Critical,American,HARRIET'S KITCHEN,A,2017-11-09T00:00:00,2017-11-09T00:00:00,Cycle Inspection / Re-inspection,2127210045,2018-01-31T06:00:53,13.0,AMSTERDAM AVENUE,08A,Facility not vermin proof. Harborage or conditions conducive to attracting vermin to the premises and/or allowing vermin to exist.,10024,"502 AMSTERDAM AVENUE MANHATTAN, NY 10024"
194,Violations were cited in the following area(s).,MANHATTAN,502,40362098,Not Critical,American,HARRIET'S KITCHEN,A,2017-11-09T00:00:00,2017-11-09T00:00:00,Cycle Inspection / Re-inspection,2127210045,2018-01-31T06:00:53,13.0,AMSTERDAM AVENUE,10F,"Non-food contact surface improperly constructed. Unacceptable material used. Non-food contact surface or equipment improperly maintained and/or not properly sealed, raised, spaced or movable to allow accessibility for cleaning on all sides, above and underneath the unit.",10024,"502 AMSTERDAM AVENUE MANHATTAN, NY 10024"
206,Violations were cited in the following area(s).,MANHATTAN,730,40362264,Critical,American,P & S DELI GROCERY,A,2017-06-05T00:00:00,2017-06-05T00:00:00,Cycle Inspection / Initial Inspection,2129323030,2018-01-31T06:00:53,12.0,COLUMBUS AVENUE,06C,"Food not protected from potential source of contamination during storage, preparation, transportation, display or service.",10025,"730 COLUMBUS AVENUE MANHATTAN, NY 10025"
207,Violations were cited in the following area(s).,MANHATTAN,730,40362264,Not Critical,American,P & S DELI GROCERY,A,2017-06-05T00:00:00,2017-06-05T00:00:00,Cycle Inspection / Initial Inspection,2129323030,2018-01-31T06:00:53,12.0,COLUMBUS AVENUE,10B,Plumbing not properly installed or maintained; anti-siphonage or backflow prevention device not provided where required; equipment or floor not properly drained; sewage disposal system in disrepair or not functioning properly.,10025,"730 COLUMBUS AVENUE MANHATTAN, NY 10025"
208,Violations were cited in the following area(s).,MANHATTAN,730,40362264,Not Critical,American,P & S DELI GROCERY,A,2017-06-05T00:00:00,2017-06-05T00:00:00,Cycle Inspection / Initial Inspection,2129323030,2018-01-31T06:00:53,12.0,COLUMBUS AVENUE,10F,"Non-food contact surface improperly constructed. Unacceptable material used. Non-food contact surface or equipment improperly maintained and/or not properly sealed, raised, spaced or movable to allow accessibility for cleaning on all sides, above and underneath the unit.",10025,"730 COLUMBUS AVENUE MANHATTAN, NY 10025"
229,Violations were cited in the following area(s).,MANHATTAN,18,40362274,Critical,American,ANGELIKA FILM CENTER,A,2017-06-28T00:00:00,2017-06-28T00:00:00,Cycle Inspection / Initial Inspection,2129952570,2018-01-31T06:00:53,10.0,WEST HOUSTON STREET,04A,Food Protection Certificate not held by supervisor of food operations.,10012,"18 WEST HOUSTON STREET MANHATTAN, NY 10012"
249,Violations were cited in the following area(s).,QUEENS,10305,40362432,Critical,Chinese,HO MEI RESTAURANT,A,2017-04-26T00:00:00,2017-04-26T00:00:00,Cycle Inspection / Initial Inspection,7187796903,2018-01-31T06:00:53,8.0,37 AVENUE,06D,"Food contact surface not properly washed, rinsed and sanitized after each use and following any activity when contamination may have occurred.",11368,"10305 37 AVENUE QUEENS, NY 11368"
250,Violations were cited in the following area(s).,QUEENS,10305,40362432,Not Critical,Chinese,HO MEI RESTAURANT,A,2017-04-26T00:00:00,2017-04-26T00:00:00,Cycle Inspection / Initial Inspection,7187796903,2018-01-31T06:00:53,8.0,37 AVENUE,10F,"Non-food contact surface improperly constructed. Unacceptable material used. Non-food contact surface or equipment improperly maintained and/or not properly sealed, raised, spaced or movable to allow accessibility for cleaning on all sides, above and underneath the unit.",11368,"10305 37 AVENUE QUEENS, NY 11368"
256,Violations were cited in the following area(s).,MANHATTAN,60,40362715,Critical,Sandwiches/Salads/Mixed Buffet,THE COUNTRY CAFE,A,2017-03-24T00:00:00,2017-03-24T00:00:00,Cycle Inspection / Initial Inspection,3474279132,2018-01-31T06:00:53,10.0,WALL STREET,06E,"Sanitized equipment or utensil, including in-use food dispensing utensil, improperly used or stored.",10005,"60 WALL STREET MANHATTAN, NY 10005"
257,Violations were cited in the following area(s).,MANHATTAN,60,40362715,Not Critical,Sandwiches/Salads/Mixed Buffet,THE COUNTRY CAFE,A,2017-03-24T00:00:00,2017-03-24T00:00:00,Cycle Inspection / Initial Inspection,3474279132,2018-01-31T06:00:53,10.0,WALL STREET,09B,Thawing procedures improper.,10005,"60 WALL STREET MANHATTAN, NY 10005"
258,Violations were cited in the following area(s).,MANHATTAN,60,40362715,Not Critical,Sandwiches/Salads/Mixed Buffet,THE COUNTRY CAFE,A,2017-03-24T00:00:00,2017-03-24T00:00:00,Cycle Inspection / Initial Inspection,3474279132,2018-01-31T06:00:53,10.0,WALL STREET,09C,Food contact surface not properly maintained.,10005,"60 WALL STREET MANHATTAN, NY 10005"
304,Violations were cited in the following area(s).,BROOKLYN,195,40362869,Critical,Caribbean,SHASHEMENE INT'L RESTAURANT,A,2017-01-23T00:00:00,2017-01-23T00:00:00,Cycle Inspection / Initial Inspection,3474300871,2018-01-31T06:00:53,10.0,EAST   56 STREET,02B,Hot food item not held at or above 140Âº F.,11203,"195 EAST   56 STREET BROOKLYN, NY 11203"
305,Violations were cited in the following area(s).,BROOKLYN,195,40362869,Not Critical,Caribbean,SHASHEMENE INT'L RESTAURANT,A,2017-01-23T00:00:00,2017-01-23T00:00:00,Cycle Inspection / Initial Inspection,3474300871,2018-01-31T06:00:53,10.0,EAST   56 STREET,10F,"Non-food contact surface improperly constructed. Unacceptable material used. Non-food contact surface or equipment improperly maintained and/or not properly sealed, raised, spaced or movable to allow accessibility for cleaning on all sides, above and underneath the unit.",11203,"195 EAST   56 STREET BROOKLYN, NY 11203"
326,Violations were cited in the following area(s).,BROOKLYN,56,40363098,Critical,Donuts,DUNKIN' DONUTS,A,2017-01-12T00:00:00,2017-01-12T00:00:00,Cycle Inspection / Initial Inspection,7186252068,2018-01-31T06:00:53,12.0,COURT STREET,04L,Evidence of mice or live mice present in facility's food and/or non-food areas.,11201,"56 COURT STREET BROOKLYN, NY 11201"
327,Violations were cited in the following area(s).,BROOKLYN,56,40363098,Critical,Donuts,DUNKIN' DONUTS,A,2017-01-12T00:00:00,2017-01-12T00:00:00,Cycle Inspection / Initial Inspection,7186252068,2018-01-31T06:00:53,12.0,COURT STREET,04N,"Filth flies or food/refuse/sewage-associated (FRSA) flies present in facilitys food and/or non-food areas. Filth flies include house flies, little house flies, blow flies, bottle flies and flesh flies. Food/refuse/sewage-associated flies include fruit flies, drain flies and Phorid flies.",11201,"56 COURT STREET BROOKLYN, NY 11201"
328,Violations were cited in the following area(s).,BROOKLYN,56,40363098,Not Critical,Donuts,DUNKIN' DONUTS,A,2017-01-12T00:00:00,2017-01-12T00:00:00,Cycle Inspection / Initial Inspection,7186252068,2018-01-31T06:00:53,12.0,COURT STREET,08A,Facility not vermin proof. Harborage or conditions conducive to attracting vermin to the premises and/or allowing vermin to exist.,11201,"56 COURT STREET BROOKLYN, NY 11201"
331,Violations were cited in the following area(s).,MANHATTAN,625,40363298,Critical,American,CAFE METRO,A,2017-10-10T00:00:00,2017-10-10T00:00:00,Cycle Inspection / Re-inspection,2127149342,2018-01-31T06:00:53,12.0,8 AVENUE,04H,"Raw, cooked or prepared food is adulterated, contaminated, cross-contaminated, or not discarded in accordance with HACCP plan.",10018,"625 8 AVENUE MANHATTAN, NY 10018"
332,Violations were cited in the following area(s).,MANHATTAN,625,40363298,Not Critical,American,CAFE METRO,A,2017-10-10T00:00:00,2017-10-10T00:00:00,Cycle Inspection / Re-inspection,2127149342,2018-01-31T06:00:53,12.0,8 AVENUE,08A,Facility not vermin proof. Harborage or conditions conducive to attracting vermin to the premises and/or allowing vermin to exist.,10018,"625 8 AVENUE MANHATTAN, NY 10018"
341,Violations were cited in the following area(s).,QUEENS,1069,40363333,Critical,Delicatessen,TONY'S DELI,A,2017-07-27T00:00:00,2017-07-27T00:00:00,Cycle Inspection / Initial Inspection,7183867925,2018-01-31T06:00:53,9.0,WYCKOFF AVENUE,02G,Cold food item held above 41Âº F (smoked fish and reduced oxygen packaged foods above 38 ÂºF) except during necessary preparation.,11385,"1069 WYCKOFF AVENUE QUEENS, NY 11385"
342,Violations were cited in the following area(s).,QUEENS,1069,40363333,Not Critical,Delicatessen,TONY'S DELI,A,2017-07-27T00:00:00,2017-07-27T00:00:00,Cycle Inspection / Initial Inspection,7183867925,2018-01-31T06:00:53,9.0,WYCKOFF AVENUE,10B,Plumbing not properly installed or maintained; anti-siphonage or backflow prevention device not provided where required; equipment or floor not properly drained; sewage disposal system in disrepair or not functioning properly.,11385,"1069 WYCKOFF AVENUE QUEENS, NY 11385"
349,Violations were cited in the following area(s).,MANHATTAN,405,40363426,Critical,Sandwiches/Salads/Mixed Buffet,LEXLER DELI,A,2017-08-07T00:00:00,2017-08-07T00:00:00,Cycle Inspection / Initial Inspection,2126870820,2018-01-31T06:00:53,9.0,LEXINGTON AVENUE,02G,Cold food item held above 41Âº F (smoked fish and reduced oxygen packaged foods above 38 ÂºF) except during necessary preparation.,10174,"405 LEXINGTON AVENUE MANHATTAN, NY 10174"
350,Violations were cited in the following area(s).,MANHATTAN,405,40363426,Not Critical,Sandwiches/Salads/Mixed Buffet,LEXLER DELI,A,2017-08-07T00:00:00,2017-08-07T00:00:00,Cycle Inspection / Initial Inspection,2126870820,2018-01-31T06:00:53,9.0,LEXINGTON AVENUE,10F,"Non-food contact surface improperly constructed. Unacceptable material used. Non-food contact surface or equipment improperly maintained and/or not properly sealed, raised, spaced or movable to allow accessibility for cleaning on all sides, above and underneath the unit.",10174,"405 LEXINGTON AVENUE MANHATTAN, NY 10174"
373,Violations were cited in the following area(s).,QUEENS,7905,40363565,Critical,Bagels/Pretzels,HOT BAGELS,A,2017-08-15T00:00:00,2017-08-15T00:00:00,Cycle Inspection / Re-inspection,7183268510,2018-01-31T06:00:53,13.0,METROPOLITAN AVENUE,06A,Personal cleanliness inadequate. Outer garment soiled with possible contaminant.  Effective hair restraint not worn in an area where food is prepared.,11379,"7905 METROPOLITAN AVENUE QUEENS, NY 11379"
374,Violations were cited in the following area(s).,QUEENS,7905,40363565,Not Critical,Bagels/Pretzels,HOT BAGELS,A,2017-08-15T00:00:00,2017-08-15T00:00:00,Cycle Inspection / Re-inspection,7183268510,2018-01-31T06:00:53,13.0,METROPOLITAN AVENUE,08C,Pesticide use not in accordance with label or applicable laws. Prohibited chemical used/stored. Open bait station used.,11379,"7905 METROPOLITAN AVENUE QUEENS, NY 11379"
375,Violations were cited in the following area(s).,QUEENS,7905,40363565,Not Critical,Bagels/Pretzels,HOT BAGELS,A,2017-08-15T00:00:00,2017-08-15T00:00:00,Cycle Inspection / Re-inspection,7183268510,2018-01-31T06:00:53,13.0,METROPOLITAN AVENUE,10F,"Non-food contact surface improperly constructed. Unacceptable material used. Non-food contact surface or equipment improperly maintained and/or not properly sealed, raised, spaced or movable to allow accessibility for cleaning on all sides, above and underneath the unit.",11379,"7905 METROPOLITAN AVENUE QUEENS, NY 11379"
399,Violations were cited in the following area(s).,MANHATTAN,1418,40363630,Critical,Continental,LORENZO & MARIA'S,A,2017-06-28T00:00:00,2017-06-28T00:00:00,Cycle Inspection / Re-inspection,2127941080,2018-01-31T06:00:53,10.0,THIRD AVENUE,02G,Cold food item held above 41Âº F (smoked fish and reduced oxygen packaged foods above 38 ÂºF) except during necessary preparation.,10028,"1418 THIRD AVENUE MANHATTAN, NY 10028"
412,Violations were cited in the following area(s).,MANHATTAN,437,40363685,Critical,American,BERKELEY,A,2017-07-25T00:00:00,2017-07-25T00:00:00,Cycle Inspection / Initial Inspection,2128328121,2018-01-31T06:00:53,9.0,MADISON AVENUE,06D,"Food contact surface not properly washed, rinsed and sanitized after each use and following any activity when contamination may have occurred.",10022,"437 MADISON AVENUE MANHATTAN, NY 10022"
413,Violations were cited in the following area(s).,MANHATTAN,437,40363685,Not Critical,American,BERKELEY,A,2017-07-25T00:00:00,2017-07-25T00:00:00,Cycle Inspection / Initial Inspection,2128328121,2018-01-31T06:00:53,9.0,MADISON AVENUE,10F,"Non-food contact surface improperly constructed. Unacceptable material used. Non-food contact surface or equipment improperly maintained and/or not properly sealed, raised, spaced or movable to allow accessibility for cleaning on all sides, above and underneath the unit.",10022,"437 MADISON AVENUE MANHATTAN, NY 10022"
421,No violations were recorded at the time of this inspection.,BROOKLYN,1031,40363744,Not Applicable,American,SONNY'S HEROS,A,2017-05-11T00:00:00,2017-05-11T00:00:00,Cycle Inspection / Initial Inspection,7184859810,2018-01-31T06:00:53,0.0,EAST   92 STREET,,,11236,"1031 EAST   92 STREET BROOKLYN, NY 11236"
448,Violations were cited in the following area(s).,MANHATTAN,148,40363945,Critical,Pizza,DOMINO'S,A,2017-08-17T00:00:00,2017-08-17T00:00:00,Cycle Inspection / Initial Inspection,2125010200,2018-01-31T06:00:53,13.0,WEST   72 STREET,04L,Evidence of mice or live mice present in facility's food and/or non-food areas.,10023,"148 WEST   72 STREET MANHATTAN, NY 10023"
449,Violations were cited in the following area(s).,MANHATTAN,148,40363945,Critical,Pizza,DOMINO'S,A,2017-08-17T00:00:00,2017-08-17T00:00:00,Cycle Inspection / Initial Inspection,2125010200,2018-01-31T06:00:53,13.0,WEST   72 STREET,04M,Live roaches present in facility's food and/or non-food areas.,10023,"148 WEST   72 STREET MANHATTAN, NY 10023"
450,Violations were cited in the following area(s).,MANHATTAN,148,40363945,Not Critical,Pizza,DOMINO'S,A,2017-08-17T00:00:00,2017-08-17T00:00:00,Cycle Inspection / Initial Inspection,2125010200,2018-01-31T06:00:53,13.0,WEST   72 STREET,08A,Facility not vermin proof. Harborage or conditions conducive to attracting vermin to the premises and/or allowing vermin to exist.,10023,"148 WEST   72 STREET MANHATTAN, NY 10023"
451,Violations were cited in the following area(s).,MANHATTAN,148,40363945,Not Critical,Pizza,DOMINO'S,A,2017-08-17T00:00:00,2017-08-17T00:00:00,Cycle Inspection / Initial Inspection,2125010200,2018-01-31T06:00:53,13.0,WEST   72 STREET,10F,"Non-food contact surface improperly constructed. Unacceptable material used. Non-food contact surface or equipment improperly maintained and/or not properly sealed, raised, spaced or movable to allow accessibility for cleaning on all sides, above and underneath the unit.",10023,"148 WEST   72 STREET MANHATTAN, NY 10023"
452,Violations were cited in the following area(s).,MANHATTAN,148,40363945,Critical,Pizza,DOMINO'S,A,2017-03-02T00:00:00,2017-03-02T00:00:00,Cycle Inspection / Re-inspection,2125010200,2018-01-31T06:00:53,12.0,WEST   72 STREET,04N,"Filth flies or food/refuse/sewage-associated (FRSA) flies present in facilitys food and/or non-food areas. Filth flies include house flies, little house flies, blow flies, bottle flies and flesh flies. Food/refuse/sewage-associated flies include fruit flies, drain flies and Phorid flies.",10023,"148 WEST   72 STREET MANHATTAN, NY 10023"
453,Violations were cited in the following area(s).,MANHATTAN,148,40363945,Not Critical,Pizza,DOMINO'S,A,2017-03-02T00:00:00,2017-03-02T00:00:00,Cycle Inspection / Re-inspection,2125010200,2018-01-31T06:00:53,12.0,WEST   72 STREET,08A,Facility not vermin proof. Harborage or conditions conducive to attracting vermin to the premises and/or allowing vermin to exist.,10023,"148 WEST   72 STREET MANHATTAN, NY 10023"
454,Violations were cited in the following area(s).,MANHATTAN,148,40363945,Not Critical,Pizza,DOMINO'S,A,2017-03-02T00:00:00,2017-03-02T00:00:00,Cycle Inspection / Re-inspection,2125010200,2018-01-31T06:00:53,12.0,WEST   72 STREET,10F,"Non-food contact surface improperly constructed. Unacceptable material used. Non-food contact surface or equipment improperly maintained and/or not properly sealed, raised, spaced or movable to allow accessibility for cleaning on all sides, above and underneath the unit.",10023,"148 WEST   72 STREET MANHATTAN, NY 10023"
489,Violations were cited in the following area(s).,MANHATTAN,364,40364179,Critical,Soul Food,SPOONBREAD TOO,A,2017-11-29T00:00:00,2017-11-29T00:00:00,Cycle Inspection / Re-inspection,2128656744,2018-01-31T06:00:53,13.0,WEST  110 STREET,04L,Evidence of mice or live mice present in facility's food and/or non-food areas.,10025,"364 WEST  110 STREET MANHATTAN, NY 10025"
490,Violations were cited in the following area(s).,MANHATTAN,364,40364179,Not Critical,Soul Food,SPOONBREAD TOO,A,2017-11-29T00:00:00,2017-11-29T00:00:00,Cycle Inspection / Re-inspection,2128656744,2018-01-31T06:00:53,13.0,WEST  110 STREET,08A,Facility not vermin proof. Harborage or conditions conducive to attracting vermin to the premises and/or allowing vermin to exist.,10025,"364 WEST  110 STREET MANHATTAN, NY 10025"
491,Violations were cited in the following area(s).,MANHATTAN,364,40364179,Not Critical,Soul Food,SPOONBREAD TOO,A,2017-11-29T00:00:00,2017-11-29T00:00:00,Cycle Inspection / Re-inspection,2128656744,2018-01-31T06:00:53,13.0,WEST  110 STREET,10F,"Non-food contact surface improperly constructed. Unacceptable material used. Non-food contact surface or equipment improperly maintained and/or not properly sealed, raised, spaced or movable to allow accessibility for cleaning on all sides, above and underneath the unit.",10025,"364 WEST  110 STREET MANHATTAN, NY 10025"
525,Violations were cited in the following area(s).,BROOKLYN,1423,40364220,Critical,Jewish/Kosher,KOSHER BAGEL HOLE,A,2017-12-13T00:00:00,2017-12-13T00:00:00,Cycle Inspection / Initial Inspection,7182584150,2018-01-31T06:00:53,11.0,AVENUE J,04L,Evidence of mice or live mice present in facility's food and/or non-food areas.,11230,"1423 AVENUE J BROOKLYN, NY 11230"
526,Violations were cited in the following area(s).,BROOKLYN,1423,40364220,Not Critical,Jewish/Kosher,KOSHER BAGEL HOLE,A,2017-12-13T00:00:00,2017-12-13T00:00:00,Cycle Inspection / Initial Inspection,7182584150,2018-01-31T06:00:53,11.0,AVENUE J,08A,Facility not vermin proof. Harborage or conditions conducive to attracting vermin to the premises and/or allowing vermin to exist.,11230,"1423 AVENUE J BROOKLYN, NY 11230"
527,Violations were cited in the following area(s).,BROOKLYN,1423,40364220,Not Critical,Jewish/Kosher,KOSHER BAGEL HOLE,A,2017-12-13T00:00:00,2017-12-13T00:00:00,Cycle Inspection / Initial Inspection,7182584150,2018-01-31T06:00:53,11.0,AVENUE J,10F,"Non-food contact surface improperly constructed. Unacceptable material used. Non-food contact surface or equipment improperly maintained and/or not properly sealed, raised, spaced or movable to allow accessibility for cleaning on all sides, above and underneath the unit.",11230,"1423 AVENUE J BROOKLYN, NY 11230"
554,Violations were cited in the following area(s).,BRONX,277,40364296,Not Critical,Chinese,HAPPY GARDEN,A,2017-04-04T00:00:00,2017-04-04T00:00:00,Cycle Inspection / Initial Inspection,7182955588,2018-01-31T06:00:53,5.0,EAST KINGSBRIDGE ROAD,10F,"Non-food contact surface improperly constructed. Unacceptable material used. Non-food contact surface or equipment improperly maintained and/or not properly sealed, raised, spaced or movable to allow accessibility for cleaning on all sides, above and underneath the unit.",10458,"277 EAST KINGSBRIDGE ROAD BRONX, NY 10458"
555,Violations were cited in the following area(s).,BRONX,277,40364296,Not Critical,Chinese,HAPPY GARDEN,A,2017-04-04T00:00:00,2017-04-04T00:00:00,Cycle Inspection / Initial Inspection,7182955588,2018-01-31T06:00:53,5.0,EAST KINGSBRIDGE ROAD,10I,"Single service item reused, improperly stored, dispensed; not used when required.",10458,"277 EAST KINGSBRIDGE ROAD BRONX, NY 10458"
559,Violations were cited in the following area(s).,STATEN ISLAND,203,40364299,Critical,Delicatessen,B & M HOT BAGEL & GROCERY,A,2017-09-07T00:00:00,2017-09-07T00:00:00,Cycle Inspection / Re-inspection,7189668445,2018-01-31T06:00:53,13.0,GIFFORDS LANE,06C,"Food not protected from potential source of contamination during storage, preparation, transportation, display or service.",10308,"203 GIFFORDS LANE STATEN ISLAND, NY 10308"
560,Violations were cited in the following area(s).,STATEN ISLAND,203,40364299,Critical,Delicatessen,B & M HOT BAGEL & GROCERY,A,2017-09-07T00:00:00,2017-09-07T00:00:00,Cycle Inspection / Re-inspection,7189668445,2018-01-31T06:00:53,13.0,GIFFORDS LANE,06D,"Food contact surface not properly washed, rinsed and sanitized after each use and following any activity when contamination may have occurred.",10308,"203 GIFFORDS LANE STATEN ISLAND, NY 10308"
561,Violations were cited in the following area(s).,STATEN ISLAND,203,40364299,Not Critical,Delicatessen,B & M HOT BAGEL & GROCERY,A,2017-09-07T00:00:00,2017-09-07T00:00:00,Cycle Inspection / Re-inspection,7189668445,2018-01-31T06:00:53,13.0,GIFFORDS LANE,09C,Food contact surface not properly maintained.,10308,"203 GIFFORDS LANE STATEN ISLAND, NY 10308"
588,Violations were cited in the following area(s).,BROOKLYN,10004,40364305,Critical,Pizza/Italian,PHILADELPHIA GRILLE EXPRESS,A,2017-06-14T00:00:00,2017-06-14T00:00:00,Cycle Inspection / Re-inspection,7182380747,2018-01-31T06:00:53,9.0,4 AVENUE,04L,Evidence of mice or live mice present in facility's food and/or non-food areas.,11209,"10004 4 AVENUE BROOKLYN, NY 11209"
589,Violations were cited in the following area(s).,BROOKLYN,10004,40364305,Not Critical,Pizza/Italian,PHILADELPHIA GRILLE EXPRESS,A,2017-06-14T00:00:00,2017-06-14T00:00:00,Cycle Inspection / Re-inspection,7182380747,2018-01-31T06:00:53,9.0,4 AVENUE,08A,Facility not vermin proof. Harborage or conditions conducive to attracting vermin to the premises and/or allowing vermin to exist.,11209,"10004 4 AVENUE BROOKLYN, NY 11209"
598,Violations were cited in the following area(s).,BROOKLYN,178,40364335,Critical,Steak,PETER LUGER STEAKHOUSE,A,2017-11-30T00:00:00,2017-11-30T00:00:00,Cycle Inspection / Re-inspection,7183877400,2018-01-31T06:00:53,10.0,BROADWAY,04L,Evidence of mice or live mice present in facility's food and/or non-food areas.,11211,"178 BROADWAY BROOKLYN, NY 11211"
599,Violations were cited in the following area(s).,BROOKLYN,178,40364335,Not Critical,Steak,PETER LUGER STEAKHOUSE,A,2017-11-30T00:00:00,2017-11-30T00:00:00,Cycle Inspection / Re-inspection,7183877400,2018-01-31T06:00:53,10.0,BROADWAY,08A,Facility not vermin proof. Harborage or conditions conducive to attracting vermin to the premises and/or allowing vermin to exist.,11211,"178 BROADWAY BROOKLYN, NY 11211"
620,Violations were cited in the following area(s).,MANHATTAN,1,40364347,Critical,American,METROPOLITAN CLUB,A,2017-03-06T00:00:00,2017-03-06T00:00:00,Cycle Inspection / Initial Inspection,2128387400,2018-01-31T06:00:53,12.0,EAST   60 STREET,04H,"Raw, cooked or prepared food is adulterated, contaminated, cross-contaminated, or not discarded in accordance with HACCP plan.",10022,"1 EAST   60 STREET MANHATTAN, NY 10022"
621,Violations were cited in the following area(s).,MANHATTAN,1,40364347,Critical,American,METROPOLITAN CLUB,A,2017-03-06T00:00:00,2017-03-06T00:00:00,Cycle Inspection / Initial Inspection,2128387400,2018-01-31T06:00:53,12.0,EAST   60 STREET,06D,"Food contact surface not properly washed, rinsed and sanitized after each use and following any activity when contamination may have occurred.",10022,"1 EAST   60 STREET MANHATTAN, NY 10022"
654,Violations were cited in the following area(s).,MANHATTAN,21,40364362,Critical,American,21 CLUB,A,2017-01-28T00:00:00,2017-01-28T00:00:00,Cycle Inspection / Re-inspection,2125827200,2018-01-31T06:00:53,12.0,WEST   52 STREET,06C,"Food not protected from potential source of contamination during storage, preparation, transportation, display or service.",10019,"21 WEST   52 STREET MANHATTAN, NY 10019"
655,Violations were cited in the following area(s).,MANHATTAN,21,40364362,Critical,American,21 CLUB,A,2017-01-28T00:00:00,2017-01-28T00:00:00,Cycle Inspection / Re-inspection,2125827200,2018-01-31T06:00:53,12.0,WEST   52 STREET,06D,"Food contact surface not properly washed, rinsed and sanitized after each use and following any activity when contamination may have occurred.",10019,"21 WEST   52 STREET MANHATTAN, NY 10019"
669,Violations were cited in the following area(s).,BRONX,658,40364363,Critical,American,MANHEM CLUB,A,2017-08-01T00:00:00,2017-08-01T00:00:00,Cycle Inspection / Initial Inspection,7188228965,2018-01-31T06:00:53,5.0,CLARENCE AVE,06D,"Food contact surface not properly washed, rinsed and sanitized after each use and following any activity when contamination may have occurred.",10465,"658 CLARENCE AVE BRONX, NY 10465"
675,Violations were cited in the following area(s).,MANHATTAN,1028,40364373,Critical,Italian,ISLE OF CAPRI RESTURANT,A,2017-01-25T00:00:00,2017-01-25T00:00:00,Cycle Inspection / Initial Inspection,2127581902,2018-01-31T06:00:53,8.0,3 AVENUE,06C,"Food not protected from potential source of contamination during storage, preparation, transportation, display or service.",10065,"1028 3 AVENUE MANHATTAN, NY 10065"
714,Violations were cited in the following area(s).,MANHATTAN,62,40364439,Critical,"Latin (Cuban, Dominican, Puerto Rican, South & Central American)",SEVILLA RESTAURANT,A,2017-10-30T00:00:00,2017-10-30T00:00:00,Cycle Inspection / Re-inspection,2129293189,2018-01-31T06:00:53,7.0,CHARLES STREET,04L,Evidence of mice or live mice present in facility's food and/or non-food areas.,10014,"62 CHARLES STREET MANHATTAN, NY 10014"
740,Violations were cited in the following area(s).,MANHATTAN,100,40364443,Not Critical,American,CRIMINAL COURT BLDG CAFETERIA,A,2017-12-12T00:00:00,2017-12-12T00:00:00,Cycle Inspection / Initial Inspection,2129621037,2018-01-31T06:00:53,2.0,CENTRE STREET,10F,"Non-food contact surface improperly constructed. Unacceptable material used. Non-food contact surface or equipment improperly maintained and/or not properly sealed, raised, spaced or movable to allow accessibility for cleaning on all sides, above and underneath the unit.",10013,"100 CENTRE STREET MANHATTAN, NY 10013"
741,Violations were cited in the following area(s).,MANHATTAN,100,40364443,Not Critical,American,CRIMINAL COURT BLDG CAFETERIA,A,2017-04-18T00:00:00,2017-04-18T00:00:00,Cycle Inspection / Re-inspection,2129621037,2018-01-31T06:00:53,4.0,CENTRE STREET,10B,Plumbing not properly installed or maintained; anti-siphonage or backflow prevention device not provided where required; equipment or floor not properly drained; sewage disposal system in disrepair or not functioning properly.,10013,"100 CENTRE STREET MANHATTAN, NY 10013"
742,Violations were cited in the following area(s).,MANHATTAN,100,40364443,Not Critical,American,CRIMINAL COURT BLDG CAFETERIA,A,2017-04-18T00:00:00,2017-04-18T00:00:00,Cycle Inspection / Re-inspection,2129621037,2018-01-31T06:00:53,4.0,CENTRE STREET,10F,"Non-food contact surface improperly constructed. Unacceptable material used. Non-food contact surface or equipment improperly maintained and/or not properly sealed, raised, spaced or movable to allow accessibility for cleaning on all sides, above and underneath the unit.",10013,"100 CENTRE STREET MANHATTAN, NY 10013"
761,Violations were cited in the following area(s).,QUEENS,657,40364449,Critical,German,GOTTSCHEER HALL,A,2017-10-14T00:00:00,2017-10-14T00:00:00,Cycle Inspection / Re-inspection,7183663030,2018-01-31T06:00:53,13.0,FAIRVIEW AVENUE,04L,Evidence of mice or live mice present in facility's food and/or non-food areas.,11385,"657 FAIRVIEW AVENUE QUEENS, NY 11385"
762,Violations were cited in the following area(s).,QUEENS,657,40364449,Not Critical,German,GOTTSCHEER HALL,A,2017-10-14T00:00:00,2017-10-14T00:00:00,Cycle Inspection / Re-inspection,7183663030,2018-01-31T06:00:53,13.0,FAIRVIEW AVENUE,08A,Facility not vermin proof. Harborage or conditions conducive to attracting vermin to the premises and/or allowing vermin to exist.,11385,"657 FAIRVIEW AVENUE QUEENS, NY 11385"
763,Violations were cited in the following area(s).,QUEENS,657,40364449,Not Critical,German,GOTTSCHEER HALL,A,2017-10-14T00:00:00,2017-10-14T00:00:00,Cycle Inspection / Re-inspection,7183663030,2018-01-31T06:00:53,13.0,FAIRVIEW AVENUE,10B,Plumbing not properly installed or maintained; anti-siphonage or backflow prevention device not provided where required; equipment or floor not properly drained; sewage disposal system in disrepair or not functioning properly.,11385,"657 FAIRVIEW AVENUE QUEENS, NY 11385"
783,Violations were cited in the following area(s).,MANHATTAN,180,40364467,Critical,American,NYAC MAIN DINING ROOM,A,2017-12-07T00:00:00,2017-12-07T00:00:00,Cycle Inspection / Re-inspection,2127677000,2018-01-31T06:00:53,5.0,CENTRAL PARK SOUTH,06D,"Food contact surface not properly washed, rinsed and sanitized after each use and following any activity when contamination may have occurred.",10019,"180 CENTRAL PARK SOUTH MANHATTAN, NY 10019"
788,Violations were cited in the following area(s).,MANHATTAN,180,40364467,Critical,American,NYAC MAIN DINING ROOM,A,2017-03-13T00:00:00,2017-03-13T00:00:00,Cycle Inspection / Re-inspection,2127677000,2018-01-31T06:00:53,7.0,CENTRAL PARK SOUTH,06D,"Food contact surface not properly washed, rinsed and sanitized after each use and following any activity when contamination may have occurred.",10019,"180 CENTRAL PARK SOUTH MANHATTAN, NY 10019"
789,Violations were cited in the following area(s).,MANHATTAN,180,40364467,Not Critical,American,NYAC MAIN DINING ROOM,A,2017-03-13T00:00:00,2017-03-13T00:00:00,Cycle Inspection / Re-inspection,2127677000,2018-01-31T06:00:53,7.0,CENTRAL PARK SOUTH,10B,Plumbing not properly installed or maintained; anti-siphonage or backflow prevention device not provided where required; equipment or floor not properly drained; sewage disposal system in disrepair or not functioning properly.,10019,"180 CENTRAL PARK SOUTH MANHATTAN, NY 10019"
800,Violations were cited in the following area(s).,MANHATTAN,108,40364518,Critical,American,7B BAR,A,2017-10-16T00:00:00,2017-10-16T00:00:00,Cycle Inspection / Re-inspection,2126776742,2018-01-31T06:00:53,13.0,AVENUE B,04H,"Raw, cooked or prepared food is adulterated, contaminated, cross-contaminated, or not discarded in accordance with HACCP plan.",10009,"108 AVENUE B MANHATTAN, NY 10009"
801,Violations were cited in the following area(s).,MANHATTAN,108,40364518,Not Critical,American,7B BAR,A,2017-10-16T00:00:00,2017-10-16T00:00:00,Cycle Inspection / Re-inspection,2126776742,2018-01-31T06:00:53,13.0,AVENUE B,10B,Plumbing not properly installed or maintained; anti-siphonage or backflow prevention device not provided where required; equipment or floor not properly drained; sewage disposal system in disrepair or not functioning properly.,10009,"108 AVENUE B MANHATTAN, NY 10009"
802,Violations were cited in the following area(s).,MANHATTAN,108,40364518,Not Critical,American,7B BAR,A,2017-10-16T00:00:00,2017-10-16T00:00:00,Cycle Inspection / Re-inspection,2126776742,2018-01-31T06:00:53,13.0,AVENUE B,10F,"Non-food contact surface improperly constructed. Unacceptable material used. Non-food contact surface or equipment improperly maintained and/or not properly sealed, raised, spaced or movable to allow accessibility for cleaning on all sides, above and underneath the unit.",10009,"108 AVENUE B MANHATTAN, NY 10009"
816,Violations were cited in the following area(s).,QUEENS,9640,40364529,Not Critical,Jewish/Kosher,BEN-BEST DELI & RESTAURANT,A,2017-04-06T00:00:00,2017-04-06T00:00:00,Cycle Inspection / Re-inspection,7188971700,2018-01-31T06:00:53,5.0,QUEENS BOULEVARD,10F,"Non-food contact surface improperly constructed. Unacceptable material used. Non-food contact surface or equipment improperly maintained and/or not properly sealed, raised, spaced or movable to allow accessibility for cleaning on all sides, above and underneath the unit.",11374,"9640 QUEENS BOULEVARD QUEENS, NY 11374"
817,Violations were cited in the following area(s).,QUEENS,9640,40364529,Not Critical,Jewish/Kosher,BEN-BEST DELI & RESTAURANT,A,2017-04-06T00:00:00,2017-04-06T00:00:00,Cycle Inspection / Re-inspection,7188971700,2018-01-31T06:00:53,5.0,QUEENS BOULEVARD,10H,Proper sanitization not provided for utensil ware washing operation.,11374,"9640 QUEENS BOULEVARD QUEENS, NY 11374"
840,Violations were cited in the following area(s).,MANHATTAN,215,40364531,Critical,American,CAFE ATELIER (ART STUDENTS LEAGUE),A,2017-07-05T00:00:00,2017-07-05T00:00:00,Cycle Inspection / Initial Inspection,2122474510,2018-01-31T06:00:53,11.0,WEST   57 STREET,04L,Evidence of mice or live mice present in facility's food and/or non-food areas.,10019,"215 WEST   57 STREET MANHATTAN, NY 10019"
841,Violations were cited in the following area(s).,MANHATTAN,215,40364531,Not Critical,American,CAFE ATELIER (ART STUDENTS LEAGUE),A,2017-07-05T00:00:00,2017-07-05T00:00:00,Cycle Inspection / Initial Inspection,2122474510,2018-01-31T06:00:53,11.0,WEST   57 STREET,08A,Facility not vermin proof. Harborage or conditions conducive to attracting vermin to the premises and/or allowing vermin to exist.,10019,"215 WEST   57 STREET MANHATTAN, NY 10019"
842,Violations were cited in the following area(s).,MANHATTAN,215,40364531,Not Critical,American,CAFE ATELIER (ART STUDENTS LEAGUE),A,2017-07-05T00:00:00,2017-07-05T00:00:00,Cycle Inspection / Initial Inspection,2122474510,2018-01-31T06:00:53,11.0,WEST   57 STREET,10F,"Non-food contact surface improperly constructed. Unacceptable material used. Non-food contact surface or equipment improperly maintained and/or not properly sealed, raised, spaced or movable to allow accessibility for cleaning on all sides, above and underneath the unit.",10019,"215 WEST   57 STREET MANHATTAN, NY 10019"
864,Violations were cited in the following area(s).,MANHATTAN,845,40364572,Critical,Steak,DONOHUE'S STEAK HOUSE,A,2017-07-05T00:00:00,2017-07-05T00:00:00,Cycle Inspection / Re-inspection,2127440938,2018-01-31T06:00:53,5.0,LEXINGTON AVENUE,06D,"Food contact surface not properly washed, rinsed and sanitized after each use and following any activity when contamination may have occurred.",10065,"845 LEXINGTON AVENUE MANHATTAN, NY 10065"
925,Establishment re-opened by DOHMH,MANHATTAN,251,40364668,Critical,Italian,MARCHIS RESTAURANT,Z,2017-11-14T00:00:00,2017-11-14T00:00:00,Cycle Inspection / Reopening Inspection,2126792494,2018-01-31T06:00:53,10.0,EAST   31 STREET,04L,Evidence of mice or live mice present in facility's food and/or non-food areas.,10016,"251 EAST   31 STREET MANHATTAN, NY 10016"
926,Establishment re-opened by DOHMH,MANHATTAN,251,40364668,Not Critical,Italian,MARCHIS RESTAURANT,Z,2017-11-14T00:00:00,2017-11-14T00:00:00,Cycle Inspection / Reopening Inspection,2126792494,2018-01-31T06:00:53,10.0,EAST   31 STREET,08A,Facility not vermin proof. Harborage or conditions conducive to attracting vermin to the premises and/or allowing vermin to exist.,10016,"251 EAST   31 STREET MANHATTAN, NY 10016"
936,Violations were cited in the following area(s).,MANHATTAN,251,40364668,Critical,Italian,MARCHIS RESTAURANT,A,2017-01-17T00:00:00,2017-01-17T00:00:00,Cycle Inspection / Re-inspection,2126792494,2018-01-31T06:00:53,12.0,EAST   31 STREET,04L,Evidence of mice or live mice present in facility's food and/or non-food areas.,10016,"251 EAST   31 STREET MANHATTAN, NY 10016"
937,Violations were cited in the following area(s).,MANHATTAN,251,40364668,Critical,Italian,MARCHIS RESTAURANT,A,2017-01-17T00:00:00,2017-01-17T00:00:00,Cycle Inspection / Re-inspection,2126792494,2018-01-31T06:00:53,12.0,EAST   31 STREET,04N,"Filth flies or food/refuse/sewage-associated (FRSA) flies present in facilitys food and/or non-food areas. Filth flies include house flies, little house flies, blow flies, bottle flies and flesh flies. Food/refuse/sewage-associated flies include fruit flies, drain flies and Phorid flies.",10016,"251 EAST   31 STREET MANHATTAN, NY 10016"
938,Violations were cited in the following area(s).,MANHATTAN,251,40364668,Not Critical,Italian,MARCHIS RESTAURANT,A,2017-01-17T00:00:00,2017-01-17T00:00:00,Cycle Inspection / Re-inspection,2126792494,2018-01-31T06:00:53,12.0,EAST   31 STREET,08A,Facility not vermin proof. Harborage or conditions conducive to attracting vermin to the premises and/or allowing vermin to exist.,10016,"251 EAST   31 STREET MANHATTAN, NY 10016"
939,Violations were cited in the following area(s).,MANHATTAN,251,40364668,Not Critical,Italian,MARCHIS RESTAURANT,A,2017-01-17T00:00:00,2017-01-17T00:00:00,Cycle Inspection / Re-inspection,2126792494,2018-01-31T06:00:53,12.0,EAST   31 STREET,09C,Food contact surface not properly maintained.,10016,"251 EAST   31 STREET MANHATTAN, NY 10016"
955,Violations were cited in the following area(s).,BROOKLYN,2602,40364681,Critical,American,TOWNE CAFE,A,2017-08-01T00:00:00,2017-08-01T00:00:00,Cycle Inspection / Initial Inspection,5162419888,2018-01-31T06:00:53,13.0,EAST   15 STREET,04N,"Filth flies or food/refuse/sewage-associated (FRSA) flies present in facilitys food and/or non-food areas. Filth flies include house flies, little house flies, blow flies, bottle flies and flesh flies. Food/refuse/sewage-associated flies include fruit flies, drain flies and Phorid flies.",11235,"2602 EAST   15 STREET BROOKLYN, NY 11235"
956,Violations were cited in the following area(s).,BROOKLYN,2602,40364681,Not Critical,American,TOWNE CAFE,A,2017-08-01T00:00:00,2017-08-01T00:00:00,Cycle Inspection / Initial Inspection,5162419888,2018-01-31T06:00:53,13.0,EAST   15 STREET,08A,Facility not vermin proof. Harborage or conditions conducive to attracting vermin to the premises and/or allowing vermin to exist.,11235,"2602 EAST   15 STREET BROOKLYN, NY 11235"
957,Violations were cited in the following area(s).,BROOKLYN,2602,40364681,Not Critical,American,TOWNE CAFE,A,2017-08-01T00:00:00,2017-08-01T00:00:00,Cycle Inspection / Initial Inspection,5162419888,2018-01-31T06:00:53,13.0,EAST   15 STREET,10B,Plumbing not properly installed or maintained; anti-siphonage or backflow prevention device not provided where required; equipment or floor not properly drained; sewage disposal system in disrepair or not functioning properly.,11235,"2602 EAST   15 STREET BROOKLYN, NY 11235"
970,Violations were cited in the following area(s).,MANHATTAN,.1-A,40364691,Critical,Continental,THE GEORGIAN SUITE KITCHEN,A,2017-02-24T00:00:00,2017-02-24T00:00:00,Cycle Inspection / Re-inspection,2127341468,2018-01-31T06:00:53,9.0,EAST 77 ST,04L,Evidence of mice or live mice present in facility's food and/or non-food areas.,10021,".1-A EAST 77 ST MANHATTAN, NY 10021"
971,Violations were cited in the following area(s).,MANHATTAN,.1-A,40364691,Not Critical,Continental,THE GEORGIAN SUITE KITCHEN,A,2017-02-24T00:00:00,2017-02-24T00:00:00,Cycle Inspection / Re-inspection,2127341468,2018-01-31T06:00:53,9.0,EAST 77 ST,08A,Facility not vermin proof. Harborage or conditions conducive to attracting vermin to the premises and/or allowing vermin to exist.,10021,".1-A EAST 77 ST MANHATTAN, NY 10021"
977,Violations were cited in the following area(s).,MANHATTAN,56,40364715,Critical,American,OLD HOMESTEAD,A,2017-08-28T00:00:00,2017-08-28T00:00:00,Cycle Inspection / Re-inspection,2122429040,2018-01-31T06:00:53,12.0,9 AVENUE,04N,"Filth flies or food/refuse/sewage-associated (FRSA) flies present in facilitys food and/or non-food areas. Filth flies include house flies, little house flies, blow flies, bottle flies and flesh flies. Food/refuse/sewage-associated flies include fruit flies, drain flies and Phorid flies.",10011,"56 9 AVENUE MANHATTAN, NY 10011"
978,Violations were cited in the following area(s).,MANHATTAN,56,40364715,Not Critical,American,OLD HOMESTEAD,A,2017-08-28T00:00:00,2017-08-28T00:00:00,Cycle Inspection / Re-inspection,2122429040,2018-01-31T06:00:53,12.0,9 AVENUE,08A,Facility not vermin proof. Harborage or conditions conducive to attracting vermin to the premises and/or allowing vermin to exist.,10011,"56 9 AVENUE MANHATTAN, NY 10011"
979,Violations were cited in the following area(s).,MANHATTAN,56,40364715,Not Critical,American,OLD HOMESTEAD,A,2017-08-28T00:00:00,2017-08-28T00:00:00,Cycle Inspection / Re-inspection,2122429040,2018-01-31T06:00:53,12.0,9 AVENUE,10F,"Non-food contact surface improperly constructed. Unacceptable material used. Non-food contact surface or equipment improperly maintained and/or not properly sealed, raised, spaced or movable to allow accessibility for cleaning on all sides, above and underneath the unit.",10011,"56 9 AVENUE MANHATTAN, NY 10011"
